"nutrient","prevented","new","net_change"
"Calcium",-49.722247020362,0.35184962457667,-49.3703973957854
"Iron",-8.31518126701732,0.0549767933740119,-8.2602044736433
"Omega-3 fatty acids",-78.1182021828653,0,-78.1182021828653
"Vitamin A, RAE",-0.558785894876313,10.7048337204088,10.1460478255325
"Vitamin B-12",-37.490142702482,0.0292662621131447,-37.4608764403689
"Zinc",-5.77146164648463,0.178862481264444,-5.59259916522019
